{
    "materials":[{
        "visible":true,
        "DbgIndex":0,
        "depthWrite":true,
        "DbgColor":15658734,
        "blending":"NormalBlending",
        "wireframe":false,
        "DbgName":"Material.001",
        "specularCoef":1,
        "depthTest":true,
        "colorEmissive":[0,0,0],
        "colorSpecular":[0.0323876,0.0279407,0.00336382],
        "transparent":false,
        "vertexColors":false,
        "shading":"phong",
        "opacity":1
    }],
    "metadata":{
        "type":"Geometry",
        "vertices":100,
        "version":3,
        "materials":1,
        "faces":196,
        "colors":0,
        "generator":"io_three"
    },
    "colors":[],
    "vertices":[1.24472,0.305133,4.424,1.45997,0.272011,4.03524,1.21388,0.466775,4.5223,1.34133,0.21702,4.22962,1.55531,0.449104,3.9151,1.08252,0.451319,3.3153,1.59094,0.68065,3.9151,1.12764,0.831829,3.29798,1.55325,0.878214,4.03524,0.914114,1.25336,3.32834,0.615815,1.42482,3.54817,0.614257,0.864386,-3.48937,0.725622,0.982206,-3.28992,1.71649,0.934782,-3.92185,1.30333,0.846937,4.46769,0.0587789,1.28655,3.80149,1.24266,0.734242,4.54414,-0.0469947,1.04794,3.9628,-0.138836,0.518497,3.90043,-0.101575,0.181172,3.68962,-0.276097,-0.130389,2.92347,-0.716058,1.19125,-3.33983,-0.504776,1.43497,-3.21557,0.172058,1.05593,-3.66969,-0.926009,-0.186048,-1.62298,-1.76174,0.157394,-0.697536,-1.40811,0.126379,-2.00616,-1.5064,0.597342,2.55262,-1.8126,1.43476,1.74836,-1.86424,0.64222,1.72379,-1.45173,1.37138,2.58606,1.62779,0.231003,-3.91558,1.87533,0.339616,-4.4035,1.95587,0.27585,-4.27526,0.491179,1.32621,-2.67193,0.448279,0.996079,-2.14359,0.792442,0.894899,-3.06281,0.109123,0.362462,-3.57604,-2.03017,0.659595,-0.638147,-1.94172,1.45896,-0.876585,-1.74237,1.42395,-1.71104,0.163261,-0.0373541,2.45765,0.476738,1.36693,-3.14777,-0.171483,1.89147,2.60473,-0.106244,1.74186,1.29276,0.213142,1.13255,1.27025,1.31618,0.39766,-3.66146,1.41975,0.383694,-4.24977,-1.11135,1.63225,-2.40703,-0.529927,2.00319,-1.74254,-0.041084,1.69442,-2.73935,0.270244,0.421976,1.66774,-0.925616,1.26479,3.32189,-1.42345,0.608736,-2.4745,-0.738935,0.56423,-3.32084,-1.19769,-0.140076,0.311143,-1.72985,0.152357,1.25207,2.05186,0.312452,-4.14702,1.45663,0.966326,4.22962,-0.776444,2.06068,1.1566,-0.255548,1.76352,-0.0736161,-1.37262,1.34052,-2.50159,-0.690224,1.55335,3.18492,-0.981087,0.549673,3.28275,-0.803971,0.104843,3.10666,0.723263,0.501491,-3.14828,1.2836,0.458572,-3.98702,-0.930838,-0.174893,1.76703,-0.359718,-0.0508468,1.35971,1.8094,0.58438,-3.68363,2.12663,0.435447,-4.06776,2.15162,0.597848,-4.06776,1.30474,0.76413,-4.02714,1.45456,0.794451,-4.288,-1.17852,1.68037,2.46925,-1.29056,0.11296,2.40281,0.00621402,0.457638,0.81281,2.11729,0.73763,-4.14702,2.03674,0.801403,-4.27526,-0.235649,-0.0606807,-1.50811,0.0980327,0.0690919,-3.15411,-1.51819,1.74873,1.66237,-0.541105,-0.0302854,7.78211e-05,0.056821,1.14941,-0.0589005,-1.69885,1.78196,0.627345,-2.01049,1.47064,0.639323,-2.03036,0.665046,0.861804,-0.0136404,0.460001,-0.274588,0.328403,1.10532,-1.36992,1.24331,0.718783,-3.38431,-0.816837,2.07047,-0.485632,0.602323,0.586645,-3.46284,1.86597,0.641801,-4.48276,-1.54284,1.76112,-1.37991,0.34745,0.458072,-2.07801,0.0281626,1.71197,-1.4995,0.606583,0.366944,-2.72468,-1.7908,0.630919,-1.6992,-0.57204,0.194076,-3.16596,0.028987,0.0668899,-2.28954],
    "faces":[2,0,1,2,0,2,0,3,1,0,2,4,1,5,0,2,6,5,7,0,2,6,4,5,0,2,8,7,9,0,2,8,9,10,0,2,11,12,13,0,2,14,10,15,0,2,16,15,17,0,2,2,17,18,0,2,0,18,19,0,2,3,19,20,0,2,21,22,23,0,2,24,25,26,0,2,27,28,29,0,2,27,30,28,0,2,31,32,33,0,2,8,6,7,0,2,34,35,36,0,2,37,23,11,0,2,38,39,40,0,2,5,1,41,0,2,23,42,12,0,2,43,9,44,0,2,1,20,41,0,2,9,7,45,0,2,16,14,15,0,2,46,47,31,0,2,48,49,50,0,2,7,5,51,0,2,18,17,52,0,2,26,53,54,0,2,55,56,25,0,2,31,33,57,0,2,14,58,10,0,2,5,41,51,0,2,7,51,45,0,2,59,44,60,0,2,10,9,43,0,2,53,61,21,0,2,15,43,62,0,2,17,62,52,0,2,18,52,63,0,2,19,63,64,0,2,65,66,46,0,2,41,67,68,0,2,20,19,64,0,2,69,31,70,0,2,9,45,44,0,2,69,70,71,0,2,66,72,73,0,2,62,43,74,0,2,52,74,30,0,2,63,30,27,0,2,63,52,30,0,2,64,27,75,0,2,20,75,67,0,2,54,21,23,0,2,51,68,76,0,2,13,77,78,0,2,45,51,76,0,2,43,44,59,0,2,79,24,80,0,2,74,59,81,0,2,30,81,28,0,2,30,74,81,0,2,75,29,56,0,2,57,71,70,0,2,57,77,71,0,2,68,55,82,0,2,1,3,20,0,2,45,76,83,0,2,44,83,60,0,2,14,8,58,0,2,14,2,8,0,2,46,66,47,0,2,81,59,84,0,2,28,84,85,0,2,29,85,86,0,2,66,73,47,0,2,67,56,55,0,2,13,71,77,0,2,76,82,87,0,2,60,83,88,0,2,89,46,31,0,2,59,60,90,0,2,65,37,91,0,2,8,4,6,0,2,8,1,4,0,2,72,13,73,0,2,86,85,38,0,2,56,38,25,0,2,17,15,62,0,2,73,78,92,0,2,19,18,63,0,2,77,32,92,0,2,77,57,32,0,2,41,20,67,0,2,89,31,69,0,2,31,47,32,0,2,84,90,93,0,2,85,93,39,0,2,83,76,87,0,2,3,0,19,0,2,55,25,24,0,2,82,24,79,0,2,87,79,94,0,2,83,94,88,0,2,60,88,95,0,2,90,95,49,0,2,42,34,36,0,2,35,96,65,0,2,39,93,40,0,2,38,40,97,0,2,25,97,26,0,2,28,81,84,0,2,52,62,74,0,2,20,64,75,0,2,88,94,35,0,2,98,54,37,0,2,25,38,97,0,2,93,49,48,0,2,40,48,61,0,2,97,61,53,0,2,56,29,86,0,2,79,80,99,0,2,93,90,49,0,2,95,35,34,0,2,49,34,50,0,2,61,48,22,0,2,48,50,22,0,2,61,22,21,0,2,53,21,54,0,2,26,54,98,0,2,24,98,80,0,2,67,75,56,0,2,13,69,71,0,2,35,94,96,0,2,26,97,53,0,2,85,84,93,0,2,64,63,27,0,2,22,50,42,0,2,95,88,35,0,2,99,80,96,0,2,90,60,95,0,2,97,40,61,0,2,76,68,82,0,2,50,34,42,0,2,2,16,17,0,2,22,42,23,0,2,2,1,8,0,2,54,23,37,0,2,47,73,92,0,2,87,82,79,0,2,33,32,57,0,2,35,65,36,0,2,44,45,83,0,2,42,36,12,0,2,80,98,37,0,2,23,12,11,0,2,75,27,29,0,2,65,91,66,0,2,70,31,57,0,2,80,37,65,0,2,82,55,24,0,2,91,11,72,0,2,51,41,68,0,2,49,95,34,0,2,83,87,94,0,2,96,80,65,0,2,15,10,43,0,2,74,43,59,0,2,37,11,91,0,2,94,99,96,0,2,94,79,99,0,2,89,69,13,0,2,65,46,89,0,2,47,92,32,0,2,73,13,78,0,2,36,89,12,0,2,24,26,98,0,2,0,2,18,0,2,56,86,38,0,2,77,92,78,0,2,68,67,55,0,2,84,59,90,0,2,58,8,10,0,2,29,28,85,0,2,36,65,89,0,2,2,14,16,0,2,12,89,13,0,2,40,93,48,0,2,11,13,72,0,2,38,85,39,0,2,91,72,66,0]
}